{
    "fan_max_speed": [
        "60"
    ],
    "filament_density": [
        "1.06"
    ],
    "filament_flow_ratio": [
        "0.98"
    ],
    "filament_settings_id": [
        "eSUN ABS+ @Creality Ender-7 0.4 nozzle"
    ],
    "from": "User",
    "inherits": "eSUN ABS Filament @Creality Ender-7 0.4 nozzle",
    "is_custom_defined": "0",
    "name": "eSUN ABS+ @Creality Ender-7 0.4 nozzle",
    "nozzle_temperature_initial_layer": [
        "240"
    ],
    "version": "1.7.0.2"
}
