{
    "adaptive_bed_mesh_margin": "0",
    "auxiliary_fan": "0",
    "bbl_use_printhost": "0",
    "bed_custom_model": "C:\\\\Users\\\\jnce2\\\\AppData\\\\Roaming\\\\OrcaSlicer\\\\user\\\\default\\\\creality_ender7_buildplate_model.stl",
    "bed_custom_texture": "C:\\\\Users\\\\jnce2\\\\AppData\\\\Roaming\\\\OrcaSlicer\\\\user\\\\default\\\\creality_ender7_buildplate_texture.png",
    "bed_exclude_area": [
        "0x0"
    ],
    "bed_mesh_max": "99999,99999",
    "bed_mesh_min": "-99999,-99999",
    "bed_mesh_probe_distance": "50,50",
    "before_layer_change_gcode": ";BEFORE_LAYER_CHANGE\n;[layer_z]\nG92 E0\n",
    "best_object_pos": "0.5,0.5",
    "change_extrusion_role_gcode": "",
    "change_filament_gcode": "PAUSE",
    "cooling_tube_length": "5",
    "cooling_tube_retraction": "91.5",
    "default_filament_profile": [
        "Creality Generic PLA"
    ],
    "default_print_profile": "0.20mm Standard @Creality Ender6",
    "deretraction_speed": [
        "40"
    ],
    "disable_m73": "0",
    "emit_machine_limits_to_gcode": "1",
    "enable_filament_ramming": "1",
    "enable_long_retraction_when_cut": "0",
    "extra_loading_move": "-2",
    "extruder_clearance_height_to_lid": "34",
    "extruder_clearance_height_to_rod": "34",
    "extruder_clearance_radius": "47",
    "extruder_colour": [
        "#FCE94F"
    ],
    "extruder_offset": [
        "0x0"
    ],
    "fan_kickstart": "0",
    "fan_speedup_overhangs": "1",
    "fan_speedup_time": "0",
    "from": "User",
    "gcode_flavor": "klipper",
    "head_wrap_detect_zone": [],
    "high_current_on_filament_swap": "0",
    "host_type": "octoprint",
    "inherits": "",
    "is_custom_defined": "0",
    "layer_change_gcode": "",
    "long_retractions_when_cut": [
        "0"
    ],
    "machine_end_gcode": "END_PRINT",
    "machine_load_filament_time": "0",
    "machine_max_acceleration_e": [
        "3000",
        "5000"
    ],
    "machine_max_acceleration_extruding": [
        "3000",
        "12000"
    ],
    "machine_max_acceleration_retracting": [
        "3000",
        "5000"
    ],
    "machine_max_acceleration_travel": [
        "9000",
        "9000"
    ],
    "machine_max_acceleration_x": [
        "3600",
        "12000"
    ],
    "machine_max_acceleration_y": [
        "3600",
        "12000"
    ],
    "machine_max_acceleration_z": [
        "1500",
        "1500"
    ],
    "machine_max_jerk_e": [
        "5",
        "3"
    ],
    "machine_max_jerk_x": [
        "8",
        "9"
    ],
    "machine_max_jerk_y": [
        "8",
        "9"
    ],
    "machine_max_jerk_z": [
        "0.4",
        "3"
    ],
    "machine_max_speed_e": [
        "30",
        "30"
    ],
    "machine_max_speed_x": [
        "250",
        "200"
    ],
    "machine_max_speed_y": [
        "250",
        "200"
    ],
    "machine_max_speed_z": [
        "30",
        "30"
    ],
    "machine_min_extruding_rate": [
        "0",
        "0"
    ],
    "machine_min_travel_rate": [
        "0",
        "0"
    ],
    "machine_pause_gcode": "PAUSE",
    "machine_start_gcode": "START_PRINT EXTRUDER_TEMP=[nozzle_temperature_initial_layer] BED_TEMP=[bed_temperature_initial_layer_single]",
    "machine_tool_change_time": "0",
    "machine_unload_filament_time": "0",
    "manual_filament_change": "1",
    "max_layer_height": [
        "0.28"
    ],
    "min_layer_height": [
        "0.08"
    ],
    "name": "Creality Ender-7 0.4 nozzle",
    "nozzle_diameter": [
        "0.4"
    ],
    "nozzle_height": "4",
    "nozzle_hrc": "0",
    "nozzle_type": "brass",
    "nozzle_volume": "0",
    "parking_pos_retraction": "92",
    "pellet_modded_printer": "0",
    "preferred_orientation": "0",
    "printable_area": [
        "5x5",
        "245x5",
        "245x245",
        "5x245"
    ],
    "printable_height": "295",
    "printer_model": "Creality Ender-7",
    "printer_notes": "",
    "printer_settings_id": "Creality Ender-7 0.4 nozzle",
    "printer_structure": "undefine",
    "printer_technology": "FFF",
    "printer_variant": "0.4",
    "printhost_authorization_type": "key",
    "printhost_ssl_ignore_revoke": "0",
    "printing_by_object_gcode": "",
    "purge_in_prime_tower": "1",
    "retract_before_wipe": [
        "0%"
    ],
    "retract_length_toolchange": [
        "2"
    ],
    "retract_lift_above": [
        "0"
    ],
    "retract_lift_below": [
        "0"
    ],
    "retract_lift_enforce": [
        "All Surfaces"
    ],
    "retract_on_top_layer": [
        "1"
    ],
    "retract_restart_extra": [
        "0"
    ],
    "retract_restart_extra_toolchange": [
        "0"
    ],
    "retract_when_changing_layer": [
        "1"
    ],
    "retraction_distances_when_cut": [
        "18"
    ],
    "retraction_length": [
        "0.8"
    ],
    "retraction_minimum_travel": [
        "1"
    ],
    "retraction_speed": [
        "80"
    ],
    "scan_first_layer": "0",
    "silent_mode": "0",
    "single_extruder_multi_material": "1",
    "support_air_filtration": "0",
    "support_chamber_temp_control": "0",
    "support_multi_bed_types": "0",
    "template_custom_gcode": "",
    "thumbnails": "300x300/PNG",
    "thumbnails_format": "PNG",
    "time_cost": "0",
    "time_lapse_gcode": "",
    "travel_slope": [
        "3"
    ],
    "upward_compatible_machine": [],
    "use_firmware_retraction": "0",
    "use_relative_e_distances": "1",
    "version": "1.9.0.2",
    "wipe": [
        "1"
    ],
    "wipe_distance": [
        "1"
    ],
    "z_hop": [
        "0.4"
    ],
    "z_hop_types": [
        "Auto Lift"
    ],
    "z_offset": "0"
}
